web-scraper-order,web-scraper-start-url,title,title-href,vid
"1560013622-392","http://www.blackandwhitemovies.org/movies-list","The Haunted House (1921)","http://www.blackandwhitemovies.org/the-haunted-house-1921.html","http://www.archive.org/download/TheHauntedHouse1921/TheHauntedHouse1921_512kb.mp4"
"1560013207-355","http://www.blackandwhitemovies.org/movies-list","The Phantom Planet (1961)","http://www.blackandwhitemovies.org/the-phantom-planet-1961.html","http://www.archive.org/download/PhantomPlanet/classicscifiphantomplanet1_512kb.mp4"
"1560014492-477","http://www.blackandwhitemovies.org/movies-list","Charlie Chaplin’s Making A Living (1914)","http://www.blackandwhitemovies.org/charlie-chaplins-making-a-living-1914.html","http://www.archive.org/download/CC_1914_02_02_MakingALiving/CC_1914_02_02_MakingALiving_512kb.mp4"
"1560013468-378","http://www.blackandwhitemovies.org/movies-list","The Four Horsemen of the Apocalypse (1921)","http://www.blackandwhitemovies.org/the-four-horsemen-of-the-apocalypse-1921.html","http://www.archive.org/download/FourHorsemenOfTheApocalypse/FourHorsemenOfTheApocalypse_512kb.mp4"
"1560014422-470","http://www.blackandwhitemovies.org/movies-list","Carnival of Souls (1962)","http://www.blackandwhitemovies.org/carnival-of-souls-1962.html","http://www.archive.org/download/CarnivalOfSouls_ipod/CarnivalOfSouls_512kb.mp4"
"1560013479-379","http://www.blackandwhitemovies.org/movies-list","The Ring (1927)","http://www.blackandwhitemovies.org/the-ring-1927.html","http://www.archive.org/download/TheRing./TheRing_512kb.mp4"
"1560014529-481","http://www.blackandwhitemovies.org/movies-list","Captain Kidd (1945)","http://www.blackandwhitemovies.org/captain-kidd-1945.html","http://www.archive.org/download/CaptainKidd_/CaptainKidd_512kb.mp4"
"1560013670-397","http://www.blackandwhitemovies.org/movies-list","The Cook (1918)","http://www.blackandwhitemovies.org/the-cook-1918.html","null"
"1560013413-373","http://www.blackandwhitemovies.org/movies-list","Three Came Home (1950)","http://www.blackandwhitemovies.org/three-came-home-1950.html","http://www.archive.org/download/ThreeCameHomeClaudetteColbertHankrip/ThreeCameHomeClaudetteColbertHankrip_512kb.mp4"
"1560013953-425","http://www.blackandwhitemovies.org/movies-list","Princess Iron Fan (Tien Shan Gong Zhu) (1941)","http://www.blackandwhitemovies.org/princess-iron-fan-tien-shan-gong-zhu-1941.html","http://www.archive.org/download/Princess_Iron_Fan_1941_divx5_denoised/Princess_Iron_Fan_1941_divx5_denoised_512kb.mp4"
"1560014235-453","http://www.blackandwhitemovies.org/movies-list","Good Night Nurse! (1918)","http://www.blackandwhitemovies.org/good-night-nurse-1918.html","http://www.archive.org/download/GoodNightNurse_44/GoodNightNurse_512kb.mp4"
"1560013174-352","http://www.blackandwhitemovies.org/movies-list","The Red House (1947)","http://www.blackandwhitemovies.org/the-red-house-1947.html","http://www.archive.org/download/TheRedHouse/The_Red_House_512kb.mp4"
"1560014744-504","http://www.blackandwhitemovies.org/movies-list","Attack! The Battle for New Britain (1944)","http://www.blackandwhitemovies.org/attack-the-battle-for-new-britain-1944.html","http://www.archive.org/download/gov.dod.dimoc.20361/gov.dod.dimoc.20361_512kb.mp4"
"1560013828-413","http://www.blackandwhitemovies.org/movies-list","Sherlock Holmes and the Secret Weapon (1943)","http://www.blackandwhitemovies.org/sherlock-holmes-and-the-secret-weapon-1943.html","http://www.archive.org/download/secret_weapon/secret_weapon_ipod_512kb.mp4"
"1560013251-359","http://www.blackandwhitemovies.org/movies-list","The Kennel Murder Case (1933)","http://www.blackandwhitemovies.org/the-kennel-murder-case-1933.html","http://www.archive.org/download/The_Kennel_Murder_Case_1933/The_Kennel_Murder_Case_1933_512kb.mp4"
"1560013108-346","http://www.blackandwhitemovies.org/movies-list","West of Hot Dog (1924)","http://www.blackandwhitemovies.org/west-of-hot-dog-1924.html","http://www.archive.org/download/westofhotdog/WestOfHotDog_512kb.mp4"
"1560014768-508","http://www.blackandwhitemovies.org/movies-list","A Bucket of Blood (1959)","http://www.blackandwhitemovies.org/a-bucket-of-blood-1959.html","http://www.archive.org/download/ABucketOfBlood_409/ABucketOfBlood_512kb.mp4"
"1560014722-500","http://www.blackandwhitemovies.org/movies-list","Bird of Paradise (1932)","http://www.blackandwhitemovies.org/bird-of-paradise-1932.html","http://www.archive.org/download/Bird_of_Paradise_1932/BirdofParadise_512kb.mp4"
"1560014121-442","http://www.blackandwhitemovies.org/movies-list","My Favorite Brunette (1947)","http://www.blackandwhitemovies.org/my-favorite-brunette-1947.html","http://www.archive.org/download/my_favorite_brunette/my_favorite_brunette_512kb.mp4"
"1560014628-490","http://www.blackandwhitemovies.org/movies-list","British Intelligence (1940)","http://www.blackandwhitemovies.org/british-intelligence-1940.html","http://www.archive.org/download/british_intelligence/british_intelligence_512kb.mp4"
"1560014562-484","http://www.blackandwhitemovies.org/movies-list","Billy the Kid Trapped (1942)","http://www.blackandwhitemovies.org/billy-the-kid-trapped-1942.html","http://www.archive.org/download/Billy_the_Kid_-_Trapped/Billy_the_Kid_-_Trapped_512kb.mp4"
"1560013119-347","http://www.blackandwhitemovies.org/movies-list","Waterfront (1944)","http://www.blackandwhitemovies.org/waterfront-1944.html","http://www.archive.org/download/waterfront/waterfront_512kb.mp4"
"1560013600-390","http://www.blackandwhitemovies.org/movies-list","The Kid (1921)","http://www.blackandwhitemovies.org/the-kid-1921.html","http://www.archive.org/download/TheKid_179/TheKid_512kb.mp4"
"1560014606-488","http://www.blackandwhitemovies.org/movies-list","Bulldog Drummond in Africa (1938)","http://www.blackandwhitemovies.org/bulldog-drummond-in-africa-1938.html","http://www.archive.org/download/BulldogDrummondInAfrica1938/Bulldog_Drummond_in_Africa_38_512kb.mp4"
"1560014750-505","http://www.blackandwhitemovies.org/movies-list","Assignment Outer Space (1960)","http://www.blackandwhitemovies.org/assignment-outer-space-1960.html","http://www.archive.org/download/Assignment_Outer_Space/Assignment_Outer_Space_512kb.mp4"
"1560013218-356","http://www.blackandwhitemovies.org/movies-list","The Admiral Was A Lady (1950)","http://www.blackandwhitemovies.org/the-admiral-was-a-lady-1950.html","http://www.archive.org/download/TheAdmiralWasaLadyEdmondOBrien1950mooorip/TheAdmiralWasaLadyEdmondOBrien1950mooorip_512kb.mp4"
"1560014213-451","http://www.blackandwhitemovies.org/movies-list","Hard Luck (1921)","http://www.blackandwhitemovies.org/hard-luck-1921.html","http://www.archive.org/download/HardLuck/HardLuck_512kb.mp4"
"1560013402-372","http://www.blackandwhitemovies.org/movies-list","The Curse of the Cat People (1944)","http://www.blackandwhitemovies.org/the-curse-of-the-cat-people-1944.html","http://www.archive.org/download/PhantasmagoriaTheater-TheCurseOfTheCatPeople1944970/PhantasmagoriaTheater-TheCurseOfTheCatPeople1944970_512kb.mp4"
"1560014762-507","http://www.blackandwhitemovies.org/movies-list","A Romance of the Redwoods (1917)","http://www.blackandwhitemovies.org/a-romance-of-the-redwoods-1917.html","http://www.archive.org/download/ARomanceOfTheRedwoods/ARomanceOfTheRedwoods_512kb.mp4"
"1560014459-474","http://www.blackandwhitemovies.org/movies-list","Charlie Chaplin Festival (1938)","http://www.blackandwhitemovies.org/charlie-chaplin-festival-1938.html","http://www.archive.org/download/charlie_chaplin_film_fest/charlie_chaplin_film_fest_512kb.mp4"
"1560014738-503","http://www.blackandwhitemovies.org/movies-list","After Mein Kampf (1940)","http://www.blackandwhitemovies.org/after-mein-kampf-1940.html","null"
"1560014257-455","http://www.blackandwhitemovies.org/movies-list","Fog Island (1945)","http://www.blackandwhitemovies.org/fog-island-1945.html","http://www.archive.org/download/Fog_island_1945/Fog_Island_1945_512kb.mp4"
"1560013752-406","http://www.blackandwhitemovies.org/movies-list","The Poor Little Rich Girl (1917)","http://www.blackandwhitemovies.org/the-poor-little-rich-girl-1917.html","http://www.archive.org/download/ThePoorLittleRichGirl/PoorLittleRichGirl1917_512kb.mp4"
"1560014078-437","http://www.blackandwhitemovies.org/movies-list","M (1931)","http://www.blackandwhitemovies.org/m-1931.html","null"
"1560014100-439","http://www.blackandwhitemovies.org/movies-list","Money Madness (1948)","http://www.blackandwhitemovies.org/money-madness-1948.html","http://www.archive.org/download/MoneyMadness/MoneyMadness_512kb.mp4"
"1560014180-448","http://www.blackandwhitemovies.org/movies-list","Hell Fire Austin (1932)","http://www.blackandwhitemovies.org/hell-fire-austin-1932.html","http://www.archive.org/download/hellfire_austin/hellfire_austin_512kb.mp4"
"1560014400-468","http://www.blackandwhitemovies.org/movies-list","Dick Tracy’s Dilemma (1947)","http://www.blackandwhitemovies.org/dick-tracys-dilemma-1947.html","http://www.archive.org/download/dick_tracys_dilemma/dick_tracys_dilemma_512kb.mp4"
"1560013262-360","http://www.blackandwhitemovies.org/movies-list","Three Blondes in His Life (1961)","http://www.blackandwhitemovies.org/three-blondes-in-his-life-1961.html","http://www.archive.org/download/Three_Blondes_in_His_Life_movie/Three_Blondes_in_His_Life_512kb.mp4"
"1560013916-421","http://www.blackandwhitemovies.org/movies-list","Rain (1932)","http://www.blackandwhitemovies.org/rain-1932.html","http://www.archive.org/download/rain1932/Rain_512kb.mp4"
"1560013942-424","http://www.blackandwhitemovies.org/movies-list","Pride and Prejudice (1940)","http://www.blackandwhitemovies.org/pride-and-prejudice-1940.html","http://www.archive.org/download/PrideAndPrejudice1940/pp_512kb.mp4"
"1560013817-412","http://www.blackandwhitemovies.org/movies-list","Secret Police (1939)","http://www.blackandwhitemovies.org/secret-police-1939.html","http://www.archive.org/download/BulldogDrummondSecretPolice1939/BulldogDrummondSecretPolice1939_512kb.mp4"
"1560014030-432","http://www.blackandwhitemovies.org/movies-list","Night of the Living Dead (1968)","http://www.blackandwhitemovies.org/night-of-the-living-dead-1968.html","http://www.archive.org/download/Night.Of.The.Living.Dead_1080p/NightOfTheLivingDead_DVD5_512kb.mp4"
"1560014191-449","http://www.blackandwhitemovies.org/movies-list","Horrors of Spider Island (1960)","http://www.blackandwhitemovies.org/horrors-of-spider-island-1960.html","http://www.archive.org/download/Horrors_of_Spider_Island/Horrors_of_Spider_Island_512kb.mp4"
"1560013490-380","http://www.blackandwhitemovies.org/movies-list","The Ace of Hearts (1921)","http://www.blackandwhitemovies.org/the-ace-of-hearts-1921.html","http://www.archive.org/download/Ace_of_Hearts_1921/Ace_of_Hearts_512kb.mp4"
"1560013196-354","http://www.blackandwhitemovies.org/movies-list","The Martyrs of the Alamo (1915) The Birth of Texas","http://www.blackandwhitemovies.org/the-martyrs-of-the-alamo-1915-the-birth-of-texas.html","http://www.archive.org/download/TheMartyrsoftheAlamo/TheMartyrsoftheAlamo/TheMartyrsoftheAlamo_512kb.mp4"
"1560014448-473","http://www.blackandwhitemovies.org/movies-list","Cause for Alarm! (1951)","http://www.blackandwhitemovies.org/cause-for-alarm-1951.html","http://www.archive.org/download/cause_for_alarm_1951/cause_for_alarm_1951_512kb.mp4"
"1560013986-428","http://www.blackandwhitemovies.org/movies-list","One Week (1920)","http://www.blackandwhitemovies.org/one-week-1920.html","http://www.archive.org/download/one_week_1920/one_week_512kb.mp4"
"1560014728-501","http://www.blackandwhitemovies.org/movies-list","A Jazzed Honeymoon (1919)","http://www.blackandwhitemovies.org/a-jazzed-honeymoon-1919.html","http://www.archive.org/download/A_Jazzed_Honeymoon_1919/A_Jazzed_Honeymoon_1919_512kb.mp4"
"1560014756-506","http://www.blackandwhitemovies.org/movies-list","A Yank in Libya (1942)","http://www.blackandwhitemovies.org/a-yank-in-libya-1942.html","http://www.archive.org/download/AYankinLibya/AYankinLibya_512kb.mp4"
"1560014715-499","http://www.blackandwhitemovies.org/movies-list","Bluebeard (1944)","http://www.blackandwhitemovies.org/bluebeard-1944.html","http://www.archive.org/download/Bluebeard/Bluebeard_512kb.mp4"
"1560013185-353","http://www.blackandwhitemovies.org/movies-list","The Mark of Zorro (1920)","http://www.blackandwhitemovies.org/the-mark-of-zorro-1920.html","http://www.archive.org/download/markofzorro-1920/markofzorro_512kb.mp4"
"1560013920-422","http://www.blackandwhitemovies.org/movies-list","Panic In The Streets (1950)","http://www.blackandwhitemovies.org/panic-in-the-streets-1950.html","null"
"1560013087-344","http://www.blackandwhitemovies.org/movies-list","Woman on the Run (1950)","http://www.blackandwhitemovies.org/woman-on-the-run-1950.html","http://www.archive.org/download/Woman_on_the_Run/Woman_on_the_Run_512kb.mp4"
"1560014063-435","http://www.blackandwhitemovies.org/movies-list","Nabonga (1944)","http://www.blackandwhitemovies.org/nabonga-1944.html","http://www.archive.org/download/nabonga_1944/nabonga_512kb.mp4"
"1560014786-511","http://www.blackandwhitemovies.org/movies-list","20,000 Leagues Under the Sea (1916)","http://www.blackandwhitemovies.org/20000-leagues-under-the-sea-1916.html","http://www.archive.org/download/20000LeaguesUndertheSea/20000_Leagues_Under_the_Sea_512kb.mp4"
"1560013273-361","http://www.blackandwhitemovies.org/movies-list","The File On Thelma Jordan (1950)","http://www.blackandwhitemovies.org/the-file-on-thelma-jordan-1950.html","http://www.archive.org/download/TheFileonThelmaJordanBarbaraStanwyck1950ripHJXvid2/TheFileonThelmaJordanBarbaraStanwyck1950ripHJXvid2_512kb.mp4"
"1560013325-365","http://www.blackandwhitemovies.org/movies-list","The Eye Creatures (1965)","http://www.blackandwhitemovies.org/the-eye-creatures-1965.html","http://www.archive.org/download/The_Eye_Creatures/The_Eye_Creatures_1962.avi_512kb.mp4"
"1560013703-400","http://www.blackandwhitemovies.org/movies-list","The Paleface (1922)","http://www.blackandwhitemovies.org/the-paleface-1922.html","http://www.archive.org/download/ThePaleface/The_Paleface_512kb.mp4"
"1560013839-414","http://www.blackandwhitemovies.org/movies-list","Spellbound (1941)","http://www.blackandwhitemovies.org/spellbound-1941.html","http://www.archive.org/download/Spellbound_1941/Spellbound_1941_512kb.mp4"
"1560013905-420","http://www.blackandwhitemovies.org/movies-list","Return of the Scarlet Pimpernel (1937)","http://www.blackandwhitemovies.org/return-of-the-scarlet-pimpernel-1937.html","http://www.archive.org/download/ReturnoftheScarletPimpernel/ReturnoftheScarletPimpernel_512kb.mp4"
"1560013644-394","http://www.blackandwhitemovies.org/movies-list","The Love Nest (1923)","http://www.blackandwhitemovies.org/the-love-nest-1923.html","http://www.archive.org/download/LoveNest/keaton.love.nest_512kb.mp4"
"1560013567-387","http://www.blackandwhitemovies.org/movies-list","Three Ages (1923)","http://www.blackandwhitemovies.org/three-ages-1923.html","http://www.archive.org/download/Silent_ThreeAges_1923/Silent_ThreeAges_1923_ClaCinOnl_512kb.mp4"
"1560013303-363","http://www.blackandwhitemovies.org/movies-list","The 39 Steps (1935)","http://www.blackandwhitemovies.org/the-39-steps-1935.html","http://www.archive.org/download/the39steps_ipod/The_39_Steps_512kb.mp4"
"1560013163-351","http://www.blackandwhitemovies.org/movies-list","The Red Blood of Courage (1935)","http://www.blackandwhitemovies.org/the-red-blood-of-courage-1935.html","http://www.archive.org/download/red_blood_of_courage/red_blood_of_courage_512kb.mp4"
"1560013894-419","http://www.blackandwhitemovies.org/movies-list","Reign of Terror (1949)","http://www.blackandwhitemovies.org/reign-of-terror-1949.html","http://www.archive.org/download/Reign_of_Terror_movie/Reign_of_Terror_512kb.mp4"
"1560013512-382","http://www.blackandwhitemovies.org/movies-list","The General (1927)","http://www.blackandwhitemovies.org/the-general-1927.html","http://www.archive.org/download/Buster_Keaton_The_General/TheGeneral_512kb.mp4"
"1560014111-441","http://www.blackandwhitemovies.org/movies-list","My Man Godfrey (1936)","http://www.blackandwhitemovies.org/my-man-godfrey-1936.html","http://www.archive.org/download/MyManGodfrey1936/MyManGodfrey1936_512kb.mp4"
"1560014774-509","http://www.blackandwhitemovies.org/movies-list","Arizona Gunfighter (1937)","http://www.blackandwhitemovies.org/arizona-gunfighter-1937.html","http://www.archive.org/download/ArizonaGunfighter/ArizonaGunfighter_512kb.mp4"
"1560013611-391","http://www.blackandwhitemovies.org/movies-list","The Play House (1921)","http://www.blackandwhitemovies.org/the-play-house-1921.html","http://www.archive.org/download/Silent_ThePlayHouse_1921/Silent_ThePlayHouse_1921_ClaCinOnl_512kb.mp4"
"1560014202-450","http://www.blackandwhitemovies.org/movies-list","His Girl Friday (1940)","http://www.blackandwhitemovies.org/his-girl-friday-1940.html","http://www.archive.org/download/HisGirlFriday/MoviePowderPresentsHisGirlFriday_512kb.mp4"
"1560014008-430","http://www.blackandwhitemovies.org/movies-list","Nightmare Castle (1965)","http://www.blackandwhitemovies.org/nightmare-castle-1965.html","http://www.archive.org/download/nightmare_castle/nightmare_castle_512kb.mp4"
"1560014147-445","http://www.blackandwhitemovies.org/movies-list","Lumberjack (1944)","http://www.blackandwhitemovies.org/lumberjack-1944.html","http://www.archive.org/download/lumberjack1944/lumberjack1944_512kb.mp4"
"1560014052-434","http://www.blackandwhitemovies.org/movies-list","Neighbors (1920)","http://www.blackandwhitemovies.org/neighbors-1920.html","http://www.archive.org/download/Neighbors/frigoNeighbors_512kb.mp4"
"1560014301-459","http://www.blackandwhitemovies.org/movies-list","Doll Face (1945)","http://www.blackandwhitemovies.org/doll-face-1945.html","http://www.archive.org/download/dollface/dollface_512kb.mp4"
"1560014334-462","http://www.blackandwhitemovies.org/movies-list","D.O.A. (1950)","http://www.blackandwhitemovies.org/d-o-a-1950.html","http://www.archive.org/download/doa_1949/doa_1949_512kb.mp4"
"1560013545-385","http://www.blackandwhitemovies.org/movies-list","The Man Who Walked Alone (1945)","http://www.blackandwhitemovies.org/the-man-who-walked-alone-1945.html","http://www.archive.org/download/Man_Who_Walked_Alone_1945/Man_Who_Walked_Alone_512kb.mp4"
"1560013725-402","http://www.blackandwhitemovies.org/movies-list","The Rodeo (1929)","http://www.blackandwhitemovies.org/the-rodeo-1929.html","http://www.archive.org/download/The_Rodeo/The_Rodeo_512kb.mp4"
"1560013534-384","http://www.blackandwhitemovies.org/movies-list","Two Weeks to Live (1943)","http://www.blackandwhitemovies.org/two-weeks-to-live-1943.html","http://www.archive.org/download/2_weeks_to_live/two_weeks_to_live_512kb.mp4"
"1560014426-471","http://www.blackandwhitemovies.org/movies-list","Combat America (1943)","http://www.blackandwhitemovies.org/combat-america-1943.html","null"
"1560013229-357","http://www.blackandwhitemovies.org/movies-list","The Big Show (1936)","http://www.blackandwhitemovies.org/the-big-show-1936.html","http://www.archive.org/download/the_big_show/the_big_show_512kb.mp4"
"1560013762-407","http://www.blackandwhitemovies.org/movies-list","The Christmas Carol (1949)","http://www.blackandwhitemovies.org/the-christmas-carol-1949.html","http://www.archive.org/download/TheChristmasCarolastoldbyVincentPrice/TheChristmasCarolastoldbyVincentPrice_512kb.mp4"
"1560013795-410","http://www.blackandwhitemovies.org/movies-list","The Phantom Fiend (The Lodger) (1932)","http://www.blackandwhitemovies.org/the-phantom-fiend-the-lodger-1932.html","http://www.archive.org/download/ThePhantomFiend/PhantomFiend_512kb.mp4"
"1560014356-464","http://www.blackandwhitemovies.org/movies-list","Downhill (1927)","http://www.blackandwhitemovies.org/downhill-1927.html","http://www.archive.org/download/Downhill_1927/Downhill_1927_512kb.mp4"
"1560013681-398","http://www.blackandwhitemovies.org/movies-list","The Electric House (1922)","http://www.blackandwhitemovies.org/the-electric-house-1922.html","http://www.archive.org/download/TheElectricHouse/The_Electric_House_512kb.mp4"
"1560014169-447","http://www.blackandwhitemovies.org/movies-list","In The Wake of the Bounty (1933)","http://www.blackandwhitemovies.org/in-the-wake-of-the-bounty-1933.html","http://www.archive.org/download/InTheWakeOfTheBounty/InTheWakeOfTheBounty_512kb.mp4"
"1560013424-374","http://www.blackandwhitemovies.org/movies-list","The Birth of a Nation (1915)","http://www.blackandwhitemovies.org/the-birth-of-a-nation-1915.html","http://www.archive.org/download/dw_griffith_birth_of_a_nation/birth_of_a_nation_512kb.mp4"
"1560013578-388","http://www.blackandwhitemovies.org/movies-list","The Navigator (1924)","http://www.blackandwhitemovies.org/the-navigator-1924.html","http://www.dailymotion.com/cdn/H264-320x240/video/xg3f0q.mp4?auth=1328973117-ebd9c56f7aa5b8740a25bafa5022fc08"
"1560013523-383","http://www.blackandwhitemovies.org/movies-list","The Private Life of Henry VIII (1933)","http://www.blackandwhitemovies.org/the-private-life-of-henry-viii-1933.html","http://www.archive.org/download/ThePrivateLifeofHenryVIII./ThePrivateLifeofHenryVIII._512kb.mp4"
"1560013141-349","http://www.blackandwhitemovies.org/movies-list","Under The Red Robe (1937)","http://www.blackandwhitemovies.org/under-the-red-robe-1937.html","http://www.archive.org/download/UndertheRedRobeVSjostrom1937RMassey/UndertheRedRobeVSjostrom1937RMassey_512kb.mp4"
"1560013501-381","http://www.blackandwhitemovies.org/movies-list","The Lady Vanishes (1938)","http://www.blackandwhitemovies.org/the-lady-vanishes-1938.html","http://www.archive.org/download/lady_vanishes/The_Lady_Vanishes_512kb.mp4"
"1560013975-427","http://www.blackandwhitemovies.org/movies-list","Outside The Law (1921)","http://www.blackandwhitemovies.org/outside-the-law-1921.html","http://www.archive.org/download/OutsideTheLaw/OutsideTheLaw_512kb.mp4"
"1560014323-461","http://www.blackandwhitemovies.org/movies-list","Dementia 13 (1963)","http://www.blackandwhitemovies.org/dementia-13-1963.html","http://www.archive.org/download/Dementia_13/Dementia_13_512kb.mp4"
"1560014584-486","http://www.blackandwhitemovies.org/movies-list","Broken Blossoms (1919)","http://www.blackandwhitemovies.org/broken-blossoms-1919.html","http://www.archive.org/download/brokenblossoms1919/Broken_Blossoms_512kb.mp4"
"1560014345-463","http://www.blackandwhitemovies.org/movies-list","Daydreams (1922)","http://www.blackandwhitemovies.org/daydreams-1922.html","http://www.archive.org/download/Daydreams/Daydreams_512kb.mp4"
"1560014514-479","http://www.blackandwhitemovies.org/movies-list","Convict 13 (1920)","http://www.blackandwhitemovies.org/convict-13-1920.html","http://www.archive.org/download/Convict13/Convict_13_512kb.mp4"
"1560014041-433","http://www.blackandwhitemovies.org/movies-list","Nosferatu (1922)","http://www.blackandwhitemovies.org/nosferatu-1922.html","http://www.archive.org/download/PhantasmagoriaTheater-Nosferatu1922909-2/PhantasmagoriaTheater-Nosferatu1922909_512kb.mp4"
"1560014279-457","http://www.blackandwhitemovies.org/movies-list","Frankenstein (1910) [Edison]","http://www.blackandwhitemovies.org/frankenstein-1910-edison.html","http://www.archive.org/download/FrankensteinfullMovie/Frankenstein1910.mp4"
"1560014698-497","http://www.blackandwhitemovies.org/movies-list","Beyond Tomorrow (Beyond Christmas) (1940)","http://www.blackandwhitemovies.org/beyond-tomorrow-beyond-christmas-1940.html","http://www.archive.org/download/Beyond_Tomorrow/Beyond_Tomorrow_512kb.mp4"
"1560013633-393","http://www.blackandwhitemovies.org/movies-list","The High Sign (1921)","http://www.blackandwhitemovies.org/the-high-sign-1921.html","http://www.archive.org/download/TheHighSign/TheHighSign_512kb.mp4"
"1560014639-491","http://www.blackandwhitemovies.org/movies-list","Bloodlust (1961)","http://www.blackandwhitemovies.org/bloodlust-1961.html","http://www.archive.org/download/Bloodlust.mpeg/Bloodlust_512kb.mp4"
"1560014481-476","http://www.blackandwhitemovies.org/movies-list","Charlie Chaplin’s Kids Auto Race At Venice (1914)","http://www.blackandwhitemovies.org/charlie-chaplins-kids-auto-race-at-venice-1914.html","http://www.archive.org/download/CC_1914_02_07_KidsAutoRaceAtVenice/CC_1914_02_07_KidsAutoRaceAtVenice_512kb.mp4"
"1560014132-443","http://www.blackandwhitemovies.org/movies-list","My Wife’s Relations (1922)","http://www.blackandwhitemovies.org/my-wifes-relations-1922.html","http://www.archive.org/download/MyWifesRelations/My_Wifes_Relations_512kb.mp4"
"1560013692-399","http://www.blackandwhitemovies.org/movies-list","The Blacksmith (1922)","http://www.blackandwhitemovies.org/the-blacksmith-1922.html","http://www.archive.org/download/TheBlacksmith/The_Blacksmith_512kb.mp4"
"1560014411-469","http://www.blackandwhitemovies.org/movies-list","Death in the Air (1936)","http://www.blackandwhitemovies.org/death-in-the-air-1936.html","http://www.archive.org/download/pilot_x/pilot_x_512kb.mp4"
"1560014312-460","http://www.blackandwhitemovies.org/movies-list","Dick Tracy Detective (1945)","http://www.blackandwhitemovies.org/dick-tracy-detective-1945.html","http://www.archive.org/download/dick_tracy_detctive/dick_tracy_detective_512kb.mp4"
"1560014224-452","http://www.blackandwhitemovies.org/movies-list","Go Down, Death! (1944)","http://www.blackandwhitemovies.org/go-down-death-1944.html","http://www.archive.org/download/go_down_death/go_down_death_512kb.mp4"
"1560014089-438","http://www.blackandwhitemovies.org/movies-list","Metropolis (1925)","http://www.blackandwhitemovies.org/metropolis-1925.html","http://www.archive.org/download/Metropolis1925-LongerVersion/Metropolis1925_512kb.mp4"
"1560014470-475","http://www.blackandwhitemovies.org/movies-list","Charlie Chaplin’s Mabels Strange Predicament (1914)","http://www.blackandwhitemovies.org/charlie-chaplins-mabels-strange-predicament-1914.html","http://www.archive.org/download/CC_1914_02_09_MabelsStrangePredicament/CC_1914_02_09_MabelsStrangePredicament_512kb.mp4"
"1560013380-370","http://www.blackandwhitemovies.org/movies-list","The Lady Confesses (1945)","http://www.blackandwhitemovies.org/the-lady-confesses-1945.html","http://www.archive.org/download/Lady_Confesses/Lady_Confesses_512kb.mp4"
"1560013733-404","http://www.blackandwhitemovies.org/movies-list","The Circus (1928)","http://www.blackandwhitemovies.org/the-circus-1928.html","null"
"1560014661-493","http://www.blackandwhitemovies.org/movies-list","Black Dragons (1942)","http://www.blackandwhitemovies.org/black-dragons-1942.html","http://www.archive.org/download/BlackDragons/BlackDragons_512kb.mp4"
"1560014378-466","http://www.blackandwhitemovies.org/movies-list","Dick Tracy Meets Gruesome (1947)","http://www.blackandwhitemovies.org/dick-tracy-meets-gruesome-1947.html","http://www.archive.org/download/dick_tracy_meets_gruesome/dick_tracy_meets_gruesome_512kb.mp4"
"1560013130-348","http://www.blackandwhitemovies.org/movies-list","White Zombie (1932)","http://www.blackandwhitemovies.org/white-zombie-1932.html","http://www.archive.org/download/WhiteZombie/White_Zombie_512kb.mp4"
"1560013883-418","http://www.blackandwhitemovies.org/movies-list","Rocky Jones, Space Ranger – Crash of the Moons (1954)","http://www.blackandwhitemovies.org/rocky-jones-space-ranger-crash-of-the-moons-1954.html","http://www.archive.org/download/CrashoftheMoons/CrashoftheMoons_512kb.mp4"
"1560014158-446","http://www.blackandwhitemovies.org/movies-list","Jungle Man (1941)","http://www.blackandwhitemovies.org/jungle-man-1941.html","http://www.archive.org/download/jungle_man/jungleman_512kb.mp4"
"1560013589-389","http://www.blackandwhitemovies.org/movies-list","The Farmer’s Wife (1928)","http://www.blackandwhitemovies.org/the-farmers-wife-1928.html","http://www.archive.org/download/The_Farmers_Wife/The_Farmers_Wife_512kb.mp4"
"1560013336-366","http://www.blackandwhitemovies.org/movies-list","The Last Man on Earth (1964)","http://www.blackandwhitemovies.org/the-last-man-on-earth-1964.html","http://www.archive.org/download/the-last-man-on-earth/TheLastManOnEarth_512kb.mp4"
"1560014104-440","http://www.blackandwhitemovies.org/movies-list","Mr. Smith Goes to Washington (1939)","http://www.blackandwhitemovies.org/mr-smith-goes-to-washington-1939.html","null"
"1560013850-415","http://www.blackandwhitemovies.org/movies-list","Secret Agent (1936)","http://www.blackandwhitemovies.org/secret-agent-1936.html","http://www.archive.org/download/Hitchcock_Secret_Agent/Secret_Agent_512kb.mp4"
"1560013152-350","http://www.blackandwhitemovies.org/movies-list","Uncivilised (1936)","http://www.blackandwhitemovies.org/uncivilised-1936.html","http://www.archive.org/download/Uncivilised_1936/Uncivilized_Chauvel_1936.mp4_512kb.mp4"
"1560014780-510","http://www.blackandwhitemovies.org/movies-list","Africa Screams (1949)","http://www.blackandwhitemovies.org/africa-screams-1949.html","http://www.archive.org/download/AfricaScreams/Africa_Screams_512kb.mp4"
"1560014136-444","http://www.blackandwhitemovies.org/movies-list","L’Inferno (1911)","http://www.blackandwhitemovies.org/linferno-1911.html","null"
"1560013292-362","http://www.blackandwhitemovies.org/movies-list","The Girl Was Young (Young and Innocent) (1937)","http://www.blackandwhitemovies.org/the-girl-was-young-young-and-innocent-1937.html","http://www.archive.org/download/YoungandInnocentTheGirlWasYoung/Young_and_Innocent_512kb.mp4"
"1560013997-429","http://www.blackandwhitemovies.org/movies-list","Nosferatu: A Symphony of Horror (1922)","http://www.blackandwhitemovies.org/nosferatu-a-symphony-of-horror-1922.html","http://www.archive.org/download/Nosferatu_most_complete_version_93_mins./Nosferatu_1922_Symphony_of_Horror_512kb.mp4"
"1560013369-369","http://www.blackandwhitemovies.org/movies-list","The Blood Of Jesus (1941)","http://www.blackandwhitemovies.org/the-blood-of-jesus-1941.html","http://www.archive.org/download/blood_of_jesus/blood_of_jesus_512kb.mp4"
"1560014687-496","http://www.blackandwhitemovies.org/movies-list","Back Stage (1919)","http://www.blackandwhitemovies.org/back-stage-1919.html","null"
"1560014246-454","http://www.blackandwhitemovies.org/movies-list","Fighting Caravans (1931)","http://www.blackandwhitemovies.org/fighting-caravans-1931.html","http://www.archive.org/download/FightingCaravansGaryCooper1931/FightingCaravansGaryCooper1931_512kb.mp4"
"1560014595-487","http://www.blackandwhitemovies.org/movies-list","Bulldog Drummond’s Revenge (1937)","http://www.blackandwhitemovies.org/bulldog-drummonds-revenge-1937.html","http://www.archive.org/download/BulldogDrummondsRevenge1937Andy/BulldogDrummondsRevenge1937Andy_512kb.mp4"
"1560014709-498","http://www.blackandwhitemovies.org/movies-list","Betty Boop: Bamboo Isle (1932)","http://www.blackandwhitemovies.org/betty-boop-bamboo-isle-1932.html","http://www.archive.org/download/bb_bamboo_isle/bb_bamboo_isle_512kb.mp4"
"1560013773-408","http://www.blackandwhitemovies.org/movies-list","The Scarlet Pimpernel (1934)","http://www.blackandwhitemovies.org/the-scarlet-pimpernel-1934.html","http://www.archive.org/download/TheScarletPimpernel/TheScarletPimpernel_512kb.mp4"
"1560014573-485","http://www.blackandwhitemovies.org/movies-list","Bride of the Gorilla (1951)","http://www.blackandwhitemovies.org/bride-of-the-gorilla-1951.html","http://www.archive.org/download/bride_of_a_gorilla/bride_of_a_gorilla_512kb.mp4"
"1560013729-403","http://www.blackandwhitemovies.org/movies-list","The Campus Vamp (1928)","http://www.blackandwhitemovies.org/the-campus-vamp-1928.html","null"
"1560014389-467","http://www.blackandwhitemovies.org/movies-list","Danger Ahead (1935)","http://www.blackandwhitemovies.org/danger-ahead-1935.html","http://www.archive.org/download/danger_ahead/danger_ahead_512kb.mp4"
"1560013784-409","http://www.blackandwhitemovies.org/movies-list","The Sheik (1921)","http://www.blackandwhitemovies.org/the-sheik-1921.html","http://www.archive.org/download/TheSheik/TheSheik_512kb.mp4"
"1560013391-371","http://www.blackandwhitemovies.org/movies-list","The North Star (1943)","http://www.blackandwhitemovies.org/the-north-star-1943.html","http://www.archive.org/download/TheNorthStar/TheNorthStar_512kb.mp4"
"1560014290-458","http://www.blackandwhitemovies.org/movies-list","Extravagance (1930)","http://www.blackandwhitemovies.org/extravagance-1930.html","http://www.archive.org/download/Extravagance1930/Extravagance1930_512kb.mp4"
"1560014734-502","http://www.blackandwhitemovies.org/movies-list","Arizona Stage Coach (1942)","http://www.blackandwhitemovies.org/arizona-stage-coach-1942.html","http://www.archive.org/download/arizona_stage_coach/arizona_stage_coach_512kb.mp4"
"1560013358-368","http://www.blackandwhitemovies.org/movies-list","The Beatniks (1960)","http://www.blackandwhitemovies.org/the-beatniks-1960.html","http://www.archive.org/download/the_beatniks/the_beatniks_512kb.mp4"
"1560014672-494","http://www.blackandwhitemovies.org/movies-list","Blue Angel (1930)","http://www.blackandwhitemovies.org/blue-angel-1930.html","http://www.archive.org/download/theblueangel1930/TheBlueAngel_512kb.mp4"
"1560014650-492","http://www.blackandwhitemovies.org/movies-list","Beast of Yucca Flats (1961)","http://www.blackandwhitemovies.org/beast-of-yucca-flats-1961.html","http://www.archive.org/download/Beast_of_Yucca_Flats_movie/Beast_of_Yucca_Flats_512kb.mp4"
"1560013872-417","http://www.blackandwhitemovies.org/movies-list","Scrooge (1935)","http://www.blackandwhitemovies.org/scrooge-1935.html","http://www.archive.org/download/Scrooge_1935/Scrooge_1935_512kb.mp4"
"1560013744-405","http://www.blackandwhitemovies.org/movies-list","The general (1926)","http://www.blackandwhitemovies.org/the-general-1926.html","http://www.archive.org/download/TheGeneral/The_General_512kb.mp4"
"1560014518-480","http://www.blackandwhitemovies.org/movies-list","Coney Island (1917)","http://www.blackandwhitemovies.org/coney-island-1917.html","null"
"1560014617-489","http://www.blackandwhitemovies.org/movies-list","Bulldog Drummond’s Peril (1938)","http://www.blackandwhitemovies.org/bulldog-drummonds-peril-1938.html","http://www.archive.org/download/BulldogDrummondsPerilJPHogan1938/BulldogDrummondsPerilJPHogan1938_512kb.mp4"
"1560014503-478","http://www.blackandwhitemovies.org/movies-list","Cops (1922)","http://www.blackandwhitemovies.org/cops-1922.html","http://www.archive.org/download/Cops/cops_512kb.mp4"
"1560013714-401","http://www.blackandwhitemovies.org/movies-list","The Balloonatic (1923)","http://www.blackandwhitemovies.org/the-balloonatic-1923.html","http://www.archive.org/download/TheBalloonatic/The_Balloonatic_512kb.mp4"
"1560013457-377","http://www.blackandwhitemovies.org/movies-list","The Lodger: A Story of the London Fog (1927)","http://www.blackandwhitemovies.org/the-lodger-a-story-of-the-london-fog-1927.html","http://www.archive.org/download/TheLodgerAStoryOfTheLondonFog_579/TheLodger-AStoryOfTheLondonFog1927AlfredHitchcock_512kb.mp4"
"1560014074-436","http://www.blackandwhitemovies.org/movies-list","Nevada City (1941)","http://www.blackandwhitemovies.org/nevada-city-1941.html","http://www.archive.org/download/nevada_city/nevada_city_512kb.mp4"
"1560013240-358","http://www.blackandwhitemovies.org/movies-list","The Green Glove (1952)","http://www.blackandwhitemovies.org/the-green-glove-1952.html","http://www.archive.org/download/the_green_glove/the_green_glove_512kb.mp4"
"1560013861-416","http://www.blackandwhitemovies.org/movies-list","Steamboat Bill, Jr (1928)","http://www.blackandwhitemovies.org/steamboat-bill-jr-1928.html","http://www.archive.org/download/SteamboatBillJr/Steamboat_Bill.Jr_512kb.mp4"
"1560013666-396","http://www.blackandwhitemovies.org/movies-list","The Boat (1921)","http://www.blackandwhitemovies.org/the-boat-1921.html","http://www.archive.org/download/TheBoat/The_Boat_512kb.mp4"
"1560014019-431","http://www.blackandwhitemovies.org/movies-list","No Time For Sergeants (1955)","http://www.blackandwhitemovies.org/no-time-for-sergeants-1955.html","http://www.archive.org/download/No_Time_For_Sergeants/No_Time_For_Sergeants_1955_512kb.mp4"
"1560013097-345","http://www.blackandwhitemovies.org/movies-list","With Words and Music (1937)","http://www.blackandwhitemovies.org/with-words-and-music-1937.html","http://www.archive.org/download/WithWordsandMusic/WithWordsandMusic_512kb.mp4"
"1560014540-482","http://www.blackandwhitemovies.org/movies-list","Borderline (1950)","http://www.blackandwhitemovies.org/borderline-1950.html","http://www.archive.org/download/borderline1950/Borderline_512kb.mp4"
"1560013435-375","http://www.blackandwhitemovies.org/movies-list","The Phantom of the Opera (1925)","http://www.blackandwhitemovies.org/the-phantom-of-the-opera-1925.html","http://www.archive.org/download/ThePhantomoftheOpera/Phantom_of_the_Opera_512kb.mp4"
"1560013806-411","http://www.blackandwhitemovies.org/movies-list","Texas Terror (1935)","http://www.blackandwhitemovies.org/texas-terror-1935.html","http://www.archive.org/download/texas_terror_1935/texas_terror_1935_512kb.mp4"
"1560013314-364","http://www.blackandwhitemovies.org/movies-list","The Cat and the Canary (1927)","http://www.blackandwhitemovies.org/the-cat-and-the-canary-1927.html","http://www.archive.org/download/The_Cat_and_the_Canary/The_Cat_and_the_Canary_512kb.mp4"
"1560013556-386","http://www.blackandwhitemovies.org/movies-list","The Amazing Adventure (1936)","http://www.blackandwhitemovies.org/the-amazing-adventure-1936.html","http://www.archive.org/download/amazing_adventure/amazing_adventuarchive_512kb.mp4"
"1560013964-426","http://www.blackandwhitemovies.org/movies-list","October (1927)","http://www.blackandwhitemovies.org/october-1927.html","http://www.archive.org/download/Eisenstein-October/Oktyabr1927_512kb.mp4"
"1560013446-376","http://www.blackandwhitemovies.org/movies-list","The Man Who Cheated Himself (1951)","http://www.blackandwhitemovies.org/the-man-who-cheated-himself-1951.html","http://www.archive.org/download/Man_Who_Cheated_Himself/Man_Who_Cheated_Himself_512kb.mp4"
"1560014367-465","http://www.blackandwhitemovies.org/movies-list","Danger Flight (1939)","http://www.blackandwhitemovies.org/danger-flight-1939.html","http://www.archive.org/download/danger_flight/danger_flight_512kb.mp4"
"1560013655-395","http://www.blackandwhitemovies.org/movies-list","The Goat (1921)","http://www.blackandwhitemovies.org/the-goat-1921.html","http://www.archive.org/download/TheGoat/The_Goat_512kb.mp4"
"1560014683-495","http://www.blackandwhitemovies.org/movies-list","Billy the Kid in Texas (1940)","http://www.blackandwhitemovies.org/billy-the-kid-in-texas-1940.html","http://www.archive.org/download/BillytheKidinTexas/BillytheKidinTexas_512kb.mp4"
"1560014437-472","http://www.blackandwhitemovies.org/movies-list","Cosmo Jones, Crime Smasher (1943)","http://www.blackandwhitemovies.org/cosmo-jones-crime-smasher-1943.html","http://www.archive.org/download/CosmoJonesCrimeSmasher/CosmoJonesCrimeSmasher_512kb.mp4"
"1560014268-456","http://www.blackandwhitemovies.org/movies-list","Fall of the House of Usher (1928)","http://www.blackandwhitemovies.org/fall-of-the-house-of-usher-1928.html","http://www.archive.org/download/Fall_of_the_House_of_Usher_1928_Watson/Fall_of_the_House_of_Usher_512kb.mp4"
"1560014551-483","http://www.blackandwhitemovies.org/movies-list","Buck Jones in Border Law (1931)","http://www.blackandwhitemovies.org/buck-jones-in-border-law-1931.html","http://www.archive.org/download/BuckJonesInBorderLaw1931/BuckJones-BorderLaw_mcr_512kb.mp4"
"1560013347-367","http://www.blackandwhitemovies.org/movies-list","The Cabinet of Dr. Caligari (1920)","http://www.blackandwhitemovies.org/the-cabinet-of-dr-caligari-1920.html","http://www.archive.org/download/thecabinetofdrcaligari/KabinettDesDoktorCaligariDas_512kb.mp4"
"1560013931-423","http://www.blackandwhitemovies.org/movies-list","Phantom Thunderbolt (1933)","http://www.blackandwhitemovies.org/phantom-thunderbolt-1933.html","http://www.archive.org/download/phantom_thunderbolt/phantom_thunderbolt_512kb.mp4"
